site_id,patient_id,usubjid,subjid,sex,birth_year,visit_code,visit_date,visit_num,sample_type,collection_datetime,test_code,test_name,result_value,result_unit,result_date,ref_low,ref_high,critical_low,critical_high
FR-001,P-FULL-001,BLOOD-FULL-001,201,F,1970,VINC,2026-06-01,1,SERUM,2026-06-01T08:00:00Z,HBA1C,Hemoglobin A1c,5.8,%,2026-06-01,4.0,6.0,,12.0
FR-001,P-FULL-001,BLOOD-FULL-001,201,F,1970,VINC,2026-06-01,1,SERUM,2026-06-01T08:00:00Z,GLUC,Fasting Glucose,5.2,mmol/L,2026-06-01,3.9,5.6,2.2,22.0
FR-001,P-FULL-001,BLOOD-FULL-001,201,F,1970,VINC,2026-06-01,1,SERUM,2026-06-01T08:00:00Z,CREAT,Creatinine,85,umol/L,2026-06-01,60,110,,400
FR-001,P-FULL-001,BLOOD-FULL-001,201,F,1970,V1,2026-07-01,2,SERUM,2026-07-01T08:00:00Z,HBA1C,Hemoglobin A1c,5.9,%,2026-07-01,4.0,6.0,,12.0
FR-001,P-FULL-001,BLOOD-FULL-001,201,F,1970,V1,2026-07-01,2,SERUM,2026-07-01T08:00:00Z,GLUC,Fasting Glucose,5.0,mmol/L,2026-07-01,3.9,5.6,2.2,22.0
FR-001,P-FULL-001,BLOOD-FULL-001,201,F,1970,V1,2026-07-01,2,SERUM,2026-07-01T08:00:00Z,CREAT,Creatinine,88,umol/L,2026-07-01,60,110,,400
FR-001,P-FULL-001,BLOOD-FULL-001,201,F,1970,V2,2026-08-01,3,SERUM,2026-08-01T08:00:00Z,HBA1C,Hemoglobin A1c,5.7,%,2026-08-01,4.0,6.0,,12.0
FR-001,P-FULL-001,BLOOD-FULL-001,201,F,1970,V2,2026-08-01,3,SERUM,2026-08-01T08:00:00Z,GLUC,Fasting Glucose,5.1,mmol/L,2026-08-01,3.9,5.6,2.2,22.0
FR-001,P-FULL-001,BLOOD-FULL-001,201,F,1970,V2,2026-08-01,3,SERUM,2026-08-01T08:00:00Z,CREAT,Creatinine,82,umol/L,2026-08-01,60,110,,400
FR-002,P-FULL-002,BLOOD-FULL-002,202,M,1962,VINC,2026-06-02,1,SERUM,2026-06-02T08:00:00Z,HBA1C,Hemoglobin A1c,6.5,%,2026-06-02,4.0,6.0,,12.0
FR-002,P-FULL-002,BLOOD-FULL-002,202,M,1962,VINC,2026-06-02,1,SERUM,2026-06-02T08:00:00Z,GLUC,Fasting Glucose,6.8,mmol/L,2026-06-02,3.9,5.6,2.2,22.0
FR-002,P-FULL-002,BLOOD-FULL-002,202,M,1962,VINC,2026-06-02,1,SERUM,2026-06-02T08:00:00Z,CREAT,Creatinine,95,umol/L,2026-06-02,60,110,,400
FR-002,P-FULL-002,BLOOD-FULL-002,202,M,1962,V1,2026-07-02,2,SERUM,2026-07-02T08:00:00Z,HBA1C,Hemoglobin A1c,6.3,%,2026-07-02,4.0,6.0,,12.0
FR-002,P-FULL-002,BLOOD-FULL-002,202,M,1962,V1,2026-07-02,2,SERUM,2026-07-02T08:00:00Z,GLUC,Fasting Glucose,6.2,mmol/L,2026-07-02,3.9,5.6,2.2,22.0
FR-002,P-FULL-002,BLOOD-FULL-002,202,M,1962,V1,2026-07-02,2,SERUM,2026-07-02T08:00:00Z,CREAT,Creatinine,90,umol/L,2026-07-02,60,110,,400
FR-002,P-FULL-002,BLOOD-FULL-002,202,M,1962,V2,2026-08-02,3,SERUM,2026-08-02T08:00:00Z,HBA1C,Hemoglobin A1c,6.0,%,2026-08-02,4.0,6.0,,12.0
FR-002,P-FULL-002,BLOOD-FULL-002,202,M,1962,V2,2026-08-02,3,SERUM,2026-08-02T08:00:00Z,GLUC,Fasting Glucose,5.8,mmol/L,2026-08-02,3.9,5.6,2.2,22.0
FR-002,P-FULL-002,BLOOD-FULL-002,202,M,1962,V2,2026-08-02,3,SERUM,2026-08-02T08:00:00Z,CREAT,Creatinine,88,umol/L,2026-08-02,60,110,,400
BE-001,P-FULL-003,BLOOD-FULL-003,203,F,1985,VINC,2026-06-03,1,SERUM,2026-06-03T08:00:00Z,HBA1C,Hemoglobin A1c,5.5,%,2026-06-03,4.0,6.0,,12.0
BE-001,P-FULL-003,BLOOD-FULL-003,203,F,1985,VINC,2026-06-03,1,SERUM,2026-06-03T08:00:00Z,GLUC,Fasting Glucose,5.0,mmol/L,2026-06-03,3.9,5.6,2.2,22.0
BE-001,P-FULL-003,BLOOD-FULL-003,203,F,1985,VINC,2026-06-03,1,SERUM,2026-06-03T08:00:00Z,CREAT,Creatinine,105,umol/L,2026-06-03,60,110,,400
BE-001,P-FULL-003,BLOOD-FULL-003,203,F,1985,V1,2026-07-03,2,SERUM,2026-07-03T08:00:00Z,HBA1C,Hemoglobin A1c,0.5,%,2026-07-03,4.0,6.0,,12.0
BE-001,P-FULL-003,BLOOD-FULL-003,203,F,1985,V1,2026-07-03,2,SERUM,2026-07-03T08:00:00Z,GLUC,Fasting Glucose,5.2,mmol/L,2026-07-03,3.9,5.6,2.2,22.0
BE-001,P-FULL-003,BLOOD-FULL-003,203,F,1985,V1,2026-07-03,2,SERUM,2026-07-03T08:00:00Z,CREAT,Creatinine,100,umol/L,2026-07-03,60,110,,400
BE-001,P-FULL-003,BLOOD-FULL-003,203,F,1985,V2,2026-08-03,3,SERUM,2026-08-03T08:00:00Z,HBA1C,Hemoglobin A1c,5.6,%,2026-08-03,4.0,6.0,,12.0
BE-001,P-FULL-003,BLOOD-FULL-003,203,F,1985,V2,2026-08-03,3,SERUM,2026-08-03T08:00:00Z,GLUC,Fasting Glucose,5.1,mmol/L,2026-08-03,3.9,5.6,2.2,22.0
BE-001,P-FULL-003,BLOOD-FULL-003,203,F,1985,V2,2026-08-03,3,SERUM,2026-08-03T08:00:00Z,CREAT,Creatinine,102,umol/L,2026-08-03,60,110,,400
FR-001,P-FULL-004,BLOOD-FULL-004,204,M,1958,VINC,2026-06-04,1,SERUM,2026-06-04T08:00:00Z,HBA1C,Hemoglobin A1c,7.2,%,2026-06-04,4.0,6.0,,12.0
FR-001,P-FULL-004,BLOOD-FULL-004,204,M,1958,VINC,2026-06-04,1,SERUM,2026-06-04T08:00:00Z,GLUC,Fasting Glucose,7.5,mmol/L,2026-06-04,3.9,5.6,2.2,22.0
FR-001,P-FULL-004,BLOOD-FULL-004,204,M,1958,VINC,2026-06-04,1,SERUM,2026-06-04T08:00:00Z,CREAT,Creatinine,92,umol/L,2026-06-04,60,110,,400
FR-001,P-FULL-004,BLOOD-FULL-004,204,M,1958,V1,2026-07-04,2,SERUM,2026-07-04T08:00:00Z,HBA1C,Hemoglobin A1c,9.0,%,2026-07-04,4.0,6.0,,12.0
FR-001,P-FULL-004,BLOOD-FULL-004,204,M,1958,V1,2026-07-04,2,SERUM,2026-07-04T08:00:00Z,GLUC,Fasting Glucose,2.0,mmol/L,2026-07-04,3.9,5.6,2.2,22.0
FR-001,P-FULL-004,BLOOD-FULL-004,204,M,1958,V1,2026-07-04,2,SERUM,2026-07-04T08:00:00Z,CREAT,Creatinine,95,umol/L,2026-07-04,60,110,,400
FR-001,P-FULL-004,BLOOD-FULL-004,204,M,1958,V2,2026-08-04,3,SERUM,2026-08-04T08:00:00Z,HBA1C,Hemoglobin A1c,13.8,%,2026-08-04,4.0,6.0,,12.0
FR-001,P-FULL-004,BLOOD-FULL-004,204,M,1958,V2,2026-08-04,3,SERUM,2026-08-04T08:00:00Z,GLUC,Fasting Glucose,6.0,mmol/L,2026-08-04,3.9,5.6,2.2,22.0
FR-001,P-FULL-004,BLOOD-FULL-004,204,M,1958,V2,2026-08-04,3,SERUM,2026-08-04T08:00:00Z,CREAT,Creatinine,105,umol/L,2026-08-04,60,110,,400
FR-002,P-FULL-005,BLOOD-FULL-005,205,F,1992,VINC,2026-06-05,1,SERUM,2026-06-05T08:00:00Z,HBA1C,Hemoglobin A1c,8.9,%,2026-06-05,4.0,6.0,,12.0
FR-002,P-FULL-005,BLOOD-FULL-005,205,F,1992,VINC,2026-06-05,1,SERUM,2026-06-05T08:00:00Z,GLUC,Fasting Glucose,11.2,mmol/L,2026-06-05,3.9,5.6,2.2,22.0
FR-002,P-FULL-005,BLOOD-FULL-005,205,F,1992,VINC,2026-06-05,1,SERUM,2026-06-05T08:00:00Z,CREAT,Creatinine,80,umol/L,2026-06-05,60,110,,400
FR-002,P-FULL-005,BLOOD-FULL-005,205,F,1992,V1,2026-07-05,2,SERUM,2026-07-05T08:00:00Z,HBA1C,Hemoglobin A1c,7.1,%,2026-07-05,4.0,6.0,,12.0
FR-002,P-FULL-005,BLOOD-FULL-005,205,F,1992,V1,2026-07-05,2,SERUM,2026-07-05T08:00:00Z,GLUC,Fasting Glucose,8.0,mmol/L,2026-07-05,3.9,5.6,2.2,22.0
FR-002,P-FULL-005,BLOOD-FULL-005,205,F,1992,V1,2026-07-05,2,SERUM,2026-07-05T08:00:00Z,CREAT,Creatinine,82,umol/L,2026-07-05,60,110,,400
FR-002,P-FULL-005,BLOOD-FULL-005,205,F,1992,V2,2026-08-05,3,SERUM,2026-08-05T08:00:00Z,HBA1C,Hemoglobin A1c,6.1,%,2026-08-05,4.0,6.0,,12.0
FR-002,P-FULL-005,BLOOD-FULL-005,205,F,1992,V2,2026-08-05,3,SERUM,2026-08-05T08:00:00Z,GLUC,Fasting Glucose,6.0,mmol/L,2026-08-05,3.9,5.6,2.2,22.0
FR-002,P-FULL-005,BLOOD-FULL-005,205,F,1992,V2,2026-08-05,3,SERUM,2026-08-05T08:00:00Z,CREAT,Creatinine,79,umol/L,2026-08-05,60,110,,400
