site_id,patient_id,usubjid,subjid,sex,birth_year,visit_code,visit_date,visit_num,sample_type,collection_datetime,source_received_datetime,test_code,test_name,result_value,result_unit,result_date,ref_low,ref_high,critical_low,critical_high
FR-002,P-V14-014,BLOOD-V14-014,314,M,1983,V1,2026-08-24,2,SERUM,2026-08-24T08:00:00Z,2026-08-24T18:20:00Z,HBA1C,Hemoglobin A1c,5.7,%,2026-08-24,4.0,6.0,,12.0
FR-002,P-V14-014,BLOOD-V14-014,314,M,1983,V1,2026-08-24,2,SERUM,2026-08-24T08:00:00Z,2026-08-24T18:20:00Z,GLUC,Fasting Glucose,5.2,mmol/L,2026-08-24,3.9,5.6,2.2,22.0
FR-002,P-V14-014,BLOOD-V14-014,314,M,1983,V1,2026-08-24,2,SERUM,2026-08-24T08:00:00Z,2026-08-24T18:20:00Z,CREAT,Creatinine,88,umol/L,2026-08-24,60,110,,400
FR-003,P-V14-015,BLOOD-V14-015,315,F,1985,V1,2026-08-24,2,SERUM,2026-08-24T09:00:00Z,2026-08-24T18:20:00Z,HBA1C,Hemoglobin A1c,6.5,%,2026-08-24,4.0,6.0,,12.0
FR-003,P-V14-015,BLOOD-V14-015,315,F,1985,V1,2026-08-24,2,SERUM,2026-08-24T09:00:00Z,2026-08-24T18:20:00Z,GLUC,Fasting Glucose,5.9,mmol/L,2026-08-24,3.9,5.6,2.2,22.0
FR-003,P-V14-015,BLOOD-V14-015,315,F,1985,V1,2026-08-24,2,SERUM,2026-08-24T09:00:00Z,2026-08-24T18:20:00Z,CREAT,Creatinine,93,umol/L,2026-08-24,60,110,,400
BE-001,P-V14-020,BLOOD-V14-020,320,M,1995,VINC,2026-08-24,1,SERUM,2026-08-24T10:00:00Z,2026-08-24T18:20:00Z,HBA1C,Hemoglobin A1c,7.0,%,2026-08-24,4.0,6.0,,12.0
BE-001,P-V14-020,BLOOD-V14-020,320,M,1995,VINC,2026-08-24,1,SERUM,2026-08-24T10:00:00Z,2026-08-24T18:20:00Z,GLUC,Fasting Glucose,6.8,mmol/L,2026-08-24,3.9,5.6,2.2,22.0
BE-001,P-V14-020,BLOOD-V14-020,320,M,1995,VINC,2026-08-24,1,SERUM,2026-08-24T10:00:00Z,2026-08-24T18:20:00Z,CREAT,Creatinine,90,umol/L,2026-08-24,60,110,,400
